Rank,team,year,week,date,opponent,result,G,W,L,T,Win%,PS,PA,PM,,
1,Dallas Cowboys,2022,13,2022-12-04 20:20:00,Colts,W 54 - 19,1,1,0,0,1,54,19,35,,11860
2,Los Angeles Rams,2022,16,2022-12-25 16:30:00,Broncos,W 51 - 14,1,1,0,0,1,51,14,37,,
3,Dallas Cowboys,2022,8,2022-10-30 13:00:00,Bears,W 49 - 29,1,1,0,0,1,49,29,20,,21.8819188191882
4,Seattle Seahawks,2022,4,2022-10-02 13:00:00,Lions,W 48 - 45,1,1,0,0,1,48,45,3,,9.30788257402732
4,Philadelphia Eagles,2022,14,2022-12-11 13:00:00,Giants,W 48 - 22,1,1,0,0,1,48,22,26,,
6,Detroit Lions,2022,4,2022-10-02 13:00:00,Seahawks,L 45 - 48,1,0,1,0,0,45,48,-3,,
7,Kansas City Chiefs,2022,1,2022-09-11 16:25:00,Cardinals,W 44 - 21,1,1,0,0,1,44,21,23,,
7,Kansas City Chiefs,2022,7,2022-10-23 16:25:00,49ers,W 44 - 23,1,1,0,0,1,44,23,21,,
9,Arizona Cardinals,2022,7,2022-10-20 20:15:00,Saints,W 42 - 34,1,1,0,0,1,42,34,8,,
9,Cincinnati Bengals,2022,9,2022-11-06 13:00:00,Panthers,W 42 - 21,1,1,0,0,1,42,21,21,,
9,Miami Dolphins,2022,2,2022-09-18 13:00:00,Ravens,W 42 - 38,1,1,0,0,1,42,38,4,,
12,Buffalo Bills,2022,2,2022-09-19 19:15:00,Titans,W 41 - 7,1,1,0,0,1,41,7,34,,
12,Kansas City Chiefs,2022,4,2022-10-02 20:20:00,Buccaneers,W 41 - 31,1,1,0,0,1,41,31,10,,
12,Green Bay Packers,2022,17,2023-01-01 16:25:00,Vikings,W 41 - 17,1,1,0,0,1,41,17,24,,
12,Detroit Lions,2022,17,2023-01-01 13:00:00,Bears,W 41 - 10,1,1,0,0,1,41,10,31,,
16,Jacksonville Jaguars,2022,15,2022-12-18 13:00:00,Cowboys,W 40 - 34,1,1,0,0,1,40,34,6,,
16,Las Vegas Raiders,2022,12,2022-11-27 16:05:00,Seahawks,W 40 - 34,1,1,0,0,1,40,34,6,,
16,Philadelphia Eagles,2022,12,2022-11-27 20:20:00,Packers,W 40 - 33,1,1,0,0,1,40,33,7,,
16,Dallas Cowboys,2022,11,2022-11-20 16:25:00,Vikings,W 40 - 3,1,1,0,0,1,40,3,37,,
16,Dallas Cowboys,2022,16,2022-12-24 16:25:00,Eagles,W 40 - 34,1,1,0,0,1,40,34,6,,
16,New York Jets,2022,5,2022-10-09 13:00:00,Dolphins,W 40 - 17,1,1,0,0,1,40,17,23,,
16,Detroit Lions,2022,13,2022-12-04 13:00:00,Jaguars,W 40 - 14,1,1,0,0,1,40,14,26,,
23,New Orleans Saints,2022,5,2022-10-09 13:00:00,Seahawks,W 39 - 32,1,1,0,0,1,39,32,7,,
23,Minnesota Vikings,2022,15,2022-12-17 13:00:00,Colts,W 39 - 36,1,1,0,0,1,39,36,3,,
23,Miami Dolphins,2022,10,2022-11-13 13:00:00,Browns,W 39 - 17,1,1,0,0,1,39,17,22,,
26,Buffalo Bills,2022,5,2022-10-09 13:00:00,Steelers,W 38 - 3,1,1,0,0,1,38,3,35,,
26,Baltimore Ravens,2022,2,2022-09-18 13:00:00,Dolphins,L 38 - 42,1,0,1,0,0,38,42,-4,,
26,San Francisco 49ers,2022,11,2022-11-21 20:15:00,Cardinals,W 38 - 10,1,1,0,0,1,38,10,28,,
26,San Francisco 49ers,2022,18,2023-01-08 16:25:00,Cardinals,W 38 - 13,1,1,0,0,1,38,13,25,,
26,Jacksonville Jaguars,2022,3,2022-09-25 16:05:00,Chargers,W 38 - 10,1,1,0,0,1,38,10,28,,
26,Las Vegas Raiders,2022,7,2022-10-23 16:05:00,Texans,W 38 - 20,1,1,0,0,1,38,20,18,,
26,Philadelphia Eagles,2022,1,2022-09-11 13:00:00,Lions,W 38 - 35,1,1,0,0,1,38,35,3,,
26,New York Giants,2022,17,2023-01-01 13:00:00,Colts,W 38 - 10,1,1,0,0,1,38,10,28,,
26,New England Patriots,2022,6,2022-10-16 13:00:00,Browns,W 38 - 15,1,1,0,0,1,38,15,23,,
35,Baltimore Ravens,2022,3,2022-09-25 13:00:00,Patriots,W 37 - 26,1,1,0,0,1,37,26,11,,
35,Seattle Seahawks,2022,7,2022-10-23 16:25:00,Chargers,W 37 - 23,1,1,0,0,1,37,23,14,,
35,San Francisco 49ers,2022,5,2022-10-09 16:05:00,Panthers,W 37 - 15,1,1,0,0,1,37,15,22,,
35,San Francisco 49ers,2022,16,2022-12-24 16:05:00,Commanders,W 37 - 20,1,1,0,0,1,37,20,17,,
35,San Francisco 49ers,2022,17,2023-01-01 16:05:00,Raiders,W 37 - 34,1,1,0,0,1,37,34,3,,
35,Atlanta Falcons,2022,8,2022-10-30 13:00:00,Panthers,W 37 - 34,1,1,0,0,1,37,34,3,,
35,Cincinnati Bengals,2022,11,2022-11-20 16:25:00,Steelers,W 37 - 30,1,1,0,0,1,37,30,7,,
35,Carolina Panthers,2022,16,2022-12-24 13:00:00,Lions,W 37 - 23,1,1,0,0,1,37,23,14,,
43,Indianapolis Colts,2022,15,2022-12-17 13:00:00,Vikings,L 36 - 39,1,0,1,0,0,36,39,-3,,
43,Jacksonville Jaguars,2022,14,2022-12-11 13:00:00,Titans,W 36 - 22,1,1,0,0,1,36,22,14,,
43,Detroit Lions,2022,2,2022-09-18 13:00:00,Commanders,W 36 - 27,1,1,0,0,1,36,27,9,,
46,Buffalo Bills,2022,16,2022-12-24 13:00:00,Bears,W 35 - 13,1,1,0,0,1,35,13,22,,
46,Buffalo Bills,2022,18,2023-01-08 13:00:00,Patriots,W 35 - 23,1,1,0,0,1,35,23,12,,
46,San Francisco 49ers,2022,14,2022-12-11 16:25:00,Buccaneers,W 35 - 7,1,1,0,0,1,35,7,28,,
46,Philadelphia Eagles,2022,8,2022-10-30 13:00:00,Steelers,W 35 - 13,1,1,0,0,1,35,13,22,,
46,Philadelphia Eagles,2022,13,2022-12-04 13:00:00,Titans,W 35 - 10,1,1,0,0,1,35,10,25,,
46,Detroit Lions,2022,1,2022-09-11 13:00:00,Eagles,L 35 - 38,1,0,1,0,0,35,38,-3,,
46,Cincinnati Bengals,2022,7,2022-10-23 13:00:00,Falcons,W 35 - 17,1,1,0,0,1,35,17,18,,
46,Miami Dolphins,2022,9,2022-11-06 13:00:00,Bears,W 35 - 32,1,1,0,0,1,35,32,3,,
54,Indianapolis Colts,2022,6,2022-10-16 13:00:00,Jaguars,W 34 - 27,1,1,0,0,1,34,27,7,,
54,Kansas City Chiefs,2022,14,2022-12-11 16:05:00,Broncos,W 34 - 28,1,1,0,0,1,34,28,6,,
54,New Orleans Saints,2022,7,2022-10-20 20:15:00,Cardinals,L 34 - 42,1,0,1,0,0,34,42,-8,,
54,Seattle Seahawks,2022,12,2022-11-27 16:05:00,Raiders,L 34 - 40,1,0,1,0,0,34,40,-6,,
54,Las Vegas Raiders,2022,17,2023-01-01 16:05:00,49ers,L 34 - 37,1,0,1,0,0,34,37,-3,,
54,Philadelphia Eagles,2022,16,2022-12-24 16:25:00,Cowboys,L 34 - 40,1,0,1,0,0,34,40,-6,,
54,Dallas Cowboys,2022,15,2022-12-18 13:00:00,Jaguars,L 34 - 40,1,0,1,0,0,34,40,-6,,
54,Los Angeles Chargers,2022,4,2022-10-02 13:00:00,Texans,W 34 - 24,1,1,0,0,1,34,24,10,,
54,Detroit Lions,2022,14,2022-12-11 13:00:00,Vikings,W 34 - 23,1,1,0,0,1,34,23,11,,
54,Minnesota Vikings,2022,8,2022-10-30 13:00:00,Cardinals,W 34 - 26,1,1,0,0,1,34,26,8,,
54,Cincinnati Bengals,2022,15,2022-12-18 16:25:00,Buccaneers,W 34 - 23,1,1,0,0,1,34,23,11,,
54,Carolina Panthers,2022,8,2022-10-30 13:00:00,Falcons,L 34 - 37,1,0,1,0,0,34,37,-3,,
66,Green Bay Packers,2022,12,2022-11-27 20:20:00,Eagles,L 33 - 40,1,0,1,0,0,33,40,-7,,
66,Chicago Bears,2022,7,2022-10-24 20:15:00,Patriots,W 33 - 14,1,1,0,0,1,33,14,19,,
66,San Francisco 49ers,2022,13,2022-12-04 16:05:00,Dolphins,W 33 - 17,1,1,0,0,1,33,17,16,,
66,Minnesota Vikings,2022,10,2022-11-13 13:00:00,Bills,W 33 - 30,1,1,0,0,1,33,30,3,,
66,Minnesota Vikings,2022,12,2022-11-24 20:20:00,Patriots,W 33 - 26,1,1,0,0,1,33,26,7,,
71,Buffalo Bills,2022,15,2022-12-17 20:15:00,Dolphins,W 32 - 29,1,1,0,0,1,32,29,3,,
71,Cleveland Browns,2022,8,2022-10-31 20:15:00,Bengals,W 32 - 13,1,1,0,0,1,32,13,19,,
71,Chicago Bears,2022,9,2022-11-06 13:00:00,Dolphins,L 32 - 35,1,0,1,0,0,32,35,-3,,
71,Washington Commanders,2022,10,2022-11-14 20:15:00,Eagles,W 32 - 21,1,1,0,0,1,32,21,11,,
71,Seattle Seahawks,2022,5,2022-10-09 13:00:00,Saints,L 32 - 39,1,0,1,0,0,32,39,-7,,
71,Houston Texans,2022,18,2023-01-08 13:00:00,Colts,W 32 - 31,1,1,0,0,1,32,31,1,,
71,Las Vegas Raiders,2022,4,2022-10-02 16:25:00,Broncos,W 32 - 23,1,1,0,0,1,32,23,9,,
78,Buffalo Bills,2022,1,2022-09-08 20:20:00,Rams,W 31 - 10,1,1,0,0,1,31,10,21,,
78,Buffalo Bills,2022,11,2022-11-20 13:00:00,Browns,W 31 - 23,1,1,0,0,1,31,23,8,,
78,Indianapolis Colts,2022,18,2023-01-08 13:00:00,Texans,L 31 - 32,1,0,1,0,0,31,32,-1,,
78,Kansas City Chiefs,2022,18,2023-01-07 16:30:00,Raiders,W 31 - 13,1,1,0,0,1,31,13,18,,
78,Tampa Bay Buccaneers,2022,4,2022-10-02 20:20:00,Chiefs,L 31 - 41,1,0,1,0,0,31,41,-10,,
78,Green Bay Packers,2022,10,2022-11-13 16:25:00,Cowboys,W 31 - 28,1,1,0,0,1,31,28,3,,
78,Los Angeles Rams,2022,2,2022-09-18 16:05:00,Falcons,W 31 - 27,1,1,0,0,1,31,27,4,,
78,Seattle Seahawks,2022,9,2022-11-06 16:05:00,Cardinals,W 31 - 21,1,1,0,0,1,31,21,10,,
78,San Francisco 49ers,2022,8,2022-10-30 16:25:00,Rams,W 31 - 14,1,1,0,0,1,31,14,17,,
78,Jacksonville Jaguars,2022,17,2023-01-01 13:00:00,Texans,W 31 - 3,1,1,0,0,1,31,3,28,,
78,Denver Broncos,2022,18,2023-01-08 16:25:00,Chargers,W 31 - 28,1,1,0,0,1,31,28,3,,
78,New York Jets,2022,2,2022-09-18 13:00:00,Browns,W 31 - 30,1,1,0,0,1,31,30,1,,
78,New York Jets,2022,12,2022-11-27 13:00:00,Bears,W 31 - 10,1,1,0,0,1,31,10,21,,
78,Los Angeles Chargers,2022,17,2023-01-01 16:25:00,Rams,W 31 - 10,1,1,0,0,1,31,10,21,,
78,Detroit Lions,2022,10,2022-11-13 13:00:00,Bears,W 31 - 30,1,1,0,0,1,31,30,1,,
78,Detroit Lions,2022,11,2022-11-20 13:00:00,Giants,W 31 - 18,1,1,0,0,1,31,18,13,,
78,Miami Dolphins,2022,8,2022-10-30 13:00:00,Lions,W 31 - 27,1,1,0,0,1,31,27,4,,
95,Buffalo Bills,2022,10,2022-11-13 13:00:00,Vikings,L 30 - 33,1,0,1,0,0,30,33,-3,,
95,Kansas City Chiefs,2022,5,2022-10-10 20:15:00,Raiders,W 30 - 29,1,1,0,0,1,30,29,1,,
95,Kansas City Chiefs,2022,11,2022-11-20 20:20:00,Chargers,W 30 - 27,1,1,0,0,1,30,27,3,,
95,Kansas City Chiefs,2022,15,2022-12-18 13:00:00,Texans,W 30 - 24,1,1,0,0,1,30,24,6,,
95,Tampa Bay Buccaneers,2022,17,2023-01-01 13:00:00,Panthers,W 30 - 24,1,1,0,0,1,30,24,6,,
95,Cleveland Browns,2022,2,2022-09-18 13:00:00,Jets,L 30 - 31,1,0,1,0,0,30,31,-1,,
95,Pittsburgh Steelers,2022,11,2022-11-20 16:25:00,Bengals,L 30 - 37,1,0,1,0,0,30,37,-7,,
95,Chicago Bears,2022,10,2022-11-13 13:00:00,Lions,L 30 - 31,1,0,1,0,0,30,31,-1,,
95,Las Vegas Raiders,2022,15,2022-12-18 16:05:00,Patriots,W 30 - 24,1,1,0,0,1,30,24,6,,
95,Atlanta Falcons,2022,18,2023-01-08 13:00:00,Buccaneers,W 30 - 17,1,1,0,0,1,30,17,13,,
95,Los Angeles Chargers,2022,5,2022-10-09 13:00:00,Browns,W 30 - 28,1,1,0,0,1,30,28,2,,
95,Cincinnati Bengals,2022,6,2022-10-16 13:00:00,Saints,W 30 - 26,1,1,0,0,1,30,26,4,,
95,Carolina Panthers,2022,14,2022-12-11 16:25:00,Seahawks,W 30 - 24,1,1,0,0,1,30,24,6,,
95,Miami Dolphins,2022,12,2022-11-27 13:00:00,Texans,W 30 - 15,1,1,0,0,1,30,15,15,,
109,Cleveland Browns,2022,3,2022-09-22 20:15:00,Steelers,W 29 - 17,1,1,0,0,1,29,17,12,,
109,Chicago Bears,2022,8,2022-10-30 13:00:00,Cowboys,L 29 - 49,1,0,1,0,0,29,49,-20,,
109,Arizona Cardinals,2022,2,2022-09-18 16:25:00,Raiders,W 29 - 23,1,1,0,0,1,29,23,6,,
109,Las Vegas Raiders,2022,5,2022-10-10 20:15:00,Chiefs,L 29 - 30,1,0,1,0,0,29,30,-1,,
109,Philadelphia Eagles,2022,4,2022-10-02 13:00:00,Jaguars,W 29 - 21,1,1,0,0,1,29,21,8,,
109,Philadelphia Eagles,2022,9,2022-11-03 20:15:00,Texans,W 29 - 17,1,1,0,0,1,29,17,12,,
109,New England Patriots,2022,5,2022-10-09 13:00:00,Lions,W 29 - 0,1,1,0,0,1,29,0,29,,
109,Minnesota Vikings,2022,5,2022-10-09 13:00:00,Bears,W 29 - 22,1,1,0,0,1,29,22,7,,
109,Minnesota Vikings,2022,18,2023-01-08 13:00:00,Bears,W 29 - 13,1,1,0,0,1,29,13,16,,
109,Miami Dolphins,2022,15,2022-12-17 20:15:00,Bills,L 29 - 32,1,0,1,0,0,29,32,-3,,
119,Buffalo Bills,2022,12,2022-11-24 12:30:00,Lions,W 28 - 25,1,1,0,0,1,28,25,3,,
119,Green Bay Packers,2022,13,2022-12-04 13:00:00,Bears,W 28 - 19,1,1,0,0,1,28,19,9,,
119,Cleveland Browns,2022,5,2022-10-09 13:00:00,Chargers,L 28 - 30,1,0,1,0,0,28,30,-2,,
119,Pittsburgh Steelers,2022,18,2023-01-08 13:00:00,Browns,W 28 - 14,1,1,0,0,1,28,14,14,,
119,Washington Commanders,2022,1,2022-09-11 13:00:00,Jaguars,W 28 - 22,1,1,0,0,1,28,22,6,,
119,Jacksonville Jaguars,2022,12,2022-11-27 13:00:00,Ravens,W 28 - 27,1,1,0,0,1,28,27,1,,
119,Denver Broncos,2022,14,2022-12-11 16:05:00,Chiefs,L 28 - 34,1,0,1,0,0,28,34,-6,,
119,Atlanta Falcons,2022,6,2022-10-16 13:00:00,49ers,W 28 - 14,1,1,0,0,1,28,14,14,,
119,Dallas Cowboys,2022,10,2022-11-13 16:25:00,Packers,L 28 - 31,1,0,1,0,0,28,31,-3,,
119,Dallas Cowboys,2022,12,2022-11-24 16:30:00,Giants,W 28 - 20,1,1,0,0,1,28,20,8,,
119,Los Angeles Chargers,2022,18,2023-01-08 16:25:00,Broncos,L 28 - 31,1,0,1,0,0,28,31,-3,,
119,Minnesota Vikings,2022,3,2022-09-25 13:00:00,Lions,W 28 - 24,1,1,0,0,1,28,24,4,,
119,Minnesota Vikings,2022,4,2022-10-02 09:30:00,Saints,W 28 - 25,1,1,0,0,1,28,25,3,,
132,Buffalo Bills,2022,8,2022-10-30 20:20:00,Packers,W 27 - 17,1,1,0,0,1,27,17,10,,
132,Kansas City Chiefs,2022,2,2022-09-15 20:15:00,Chargers,W 27 - 24,1,1,0,0,1,27,24,3,,
132,Kansas City Chiefs,2022,10,2022-11-13 13:00:00,Jaguars,W 27 - 17,1,1,0,0,1,27,17,10,,
132,Kansas City Chiefs,2022,17,2023-01-01 13:00:00,Broncos,W 27 - 24,1,1,0,0,1,27,24,3,,
132,Green Bay Packers,2022,2,2022-09-18 20:20:00,Bears,W 27 - 10,1,1,0,0,1,27,10,17,,
132,Green Bay Packers,2022,4,2022-10-02 16:25:00,Patriots,W 27 - 24,1,1,0,0,1,27,24,3,,
132,New Orleans Saints,2022,1,2022-09-11 13:00:00,Falcons,W 27 - 26,1,1,0,0,1,27,26,1,,
132,New Orleans Saints,2022,11,2022-11-20 13:00:00,Rams,W 27 - 20,1,1,0,0,1,27,20,7,,
132,Cleveland Browns,2022,13,2022-12-04 13:00:00,Texans,W 27 - 14,1,1,0,0,1,27,14,13,,
132,Baltimore Ravens,2022,8,2022-10-27 20:15:00,Buccaneers,W 27 - 22,1,1,0,0,1,27,22,5,,
132,Baltimore Ravens,2022,9,2022-11-07 20:15:00,Saints,W 27 - 13,1,1,0,0,1,27,13,14,,
132,Baltimore Ravens,2022,12,2022-11-27 13:00:00,Jaguars,L 27 - 28,1,0,1,0,0,27,28,-1,,
132,Tennessee Titans,2022,11,2022-11-17 20:15:00,Packers,W 27 - 17,1,1,0,0,1,27,17,10,,
132,Washington Commanders,2022,2,2022-09-18 13:00:00,Lions,L 27 - 36,1,0,1,0,0,27,36,-9,,
132,Seattle Seahawks,2022,8,2022-10-30 16:25:00,Giants,W 27 - 13,1,1,0,0,1,27,13,14,,
132,Seattle Seahawks,2022,13,2022-12-04 16:05:00,Rams,W 27 - 23,1,1,0,0,1,27,23,4,,
132,San Francisco 49ers,2022,2,2022-09-18 16:05:00,Seahawks,W 27 - 7,1,1,0,0,1,27,7,20,,
132,Arizona Cardinals,2022,10,2022-11-13 16:25:00,Rams,W 27 - 17,1,1,0,0,1,27,17,10,,
132,Jacksonville Jaguars,2022,6,2022-10-16 13:00:00,Colts,L 27 - 34,1,0,1,0,0,27,34,-7,,
132,Jacksonville Jaguars,2022,9,2022-11-06 13:00:00,Raiders,W 27 - 20,1,1,0,0,1,27,20,7,,
132,Las Vegas Raiders,2022,13,2022-12-04 16:25:00,Chargers,W 27 - 20,1,1,0,0,1,27,20,7,,
132,Atlanta Falcons,2022,2,2022-09-18 16:05:00,Rams,L 27 - 31,1,0,1,0,0,27,31,-4,,
132,Atlanta Falcons,2022,3,2022-09-25 16:25:00,Seahawks,W 27 - 23,1,1,0,0,1,27,23,4,,
132,Atlanta Falcons,2022,11,2022-11-20 13:00:00,Bears,W 27 - 24,1,1,0,0,1,27,24,3,,
132,Dallas Cowboys,2022,14,2022-12-11 13:00:00,Texans,W 27 - 23,1,1,0,0,1,27,23,4,,
132,Dallas Cowboys,2022,17,2022-12-29 20:15:00,Titans,W 27 - 13,1,1,0,0,1,27,13,14,,
132,New York Giants,2022,5,2022-10-09 09:30:00,Packers,W 27 - 22,1,1,0,0,1,27,22,5,,
132,New England Patriots,2022,14,2022-12-12 20:15:00,Cardinals,W 27 - 13,1,1,0,0,1,27,13,14,,
132,New York Jets,2022,6,2022-10-16 13:00:00,Packers,W 27 - 10,1,1,0,0,1,27,10,17,,
132,Los Angeles Chargers,2022,11,2022-11-20 20:20:00,Chiefs,L 27 - 30,1,0,1,0,0,27,30,-3,,
132,Detroit Lions,2022,8,2022-10-30 13:00:00,Dolphins,L 27 - 31,1,0,1,0,0,27,31,-4,,
132,Minnesota Vikings,2022,13,2022-12-04 13:00:00,Jets,W 27 - 22,1,1,0,0,1,27,22,5,,
132,Minnesota Vikings,2022,16,2022-12-24 13:00:00,Giants,W 27 - 24,1,1,0,0,1,27,24,3,,
132,Cincinnati Bengals,2022,3,2022-09-25 13:00:00,Jets,W 27 - 12,1,1,0,0,1,27,12,15,,
132,Cincinnati Bengals,2022,4,2022-09-29 20:15:00,Dolphins,W 27 - 15,1,1,0,0,1,27,15,12,,
132,Cincinnati Bengals,2022,13,2022-12-04 16:25:00,Chiefs,W 27 - 24,1,1,0,0,1,27,24,3,,
132,Cincinnati Bengals,2022,18,2023-01-08 13:00:00,Ravens,W 27 - 16,1,1,0,0,1,27,16,11,,
169,Kansas City Chiefs,2022,12,2022-11-27 16:25:00,Rams,W 26 - 10,1,1,0,0,1,26,10,16,,
169,Green Bay Packers,2022,16,2022-12-25 13:00:00,Dolphins,W 26 - 20,1,1,0,0,1,26,20,6,,
169,New Orleans Saints,2022,6,2022-10-16 13:00:00,Bengals,L 26 - 30,1,0,1,0,0,26,30,-4,,
169,Cleveland Browns,2022,1,2022-09-11 13:00:00,Panthers,W 26 - 24,1,1,0,0,1,26,24,2,,
169,Washington Commanders,2022,18,2023-01-08 16:25:00,Cowboys,W 26 - 6,1,1,0,0,1,26,6,20,,
169,Arizona Cardinals,2022,4,2022-10-02 16:05:00,Panthers,W 26 - 16,1,1,0,0,1,26,16,10,,
169,Arizona Cardinals,2022,8,2022-10-30 13:00:00,Vikings,L 26 - 34,1,0,1,0,0,26,34,-8,,
169,Atlanta Falcons,2022,1,2022-09-11 13:00:00,Saints,L 26 - 27,1,0,1,0,0,26,27,-1,,
169,Philadelphia Eagles,2022,6,2022-10-16 20:20:00,Cowboys,W 26 - 17,1,1,0,0,1,26,17,9,,
169,New England Patriots,2022,3,2022-09-25 13:00:00,Ravens,L 26 - 37,1,0,1,0,0,26,37,-11,,
169,New England Patriots,2022,9,2022-11-06 13:00:00,Colts,W 26 - 3,1,1,0,0,1,26,3,23,,
169,New England Patriots,2022,12,2022-11-24 20:20:00,Vikings,L 26 - 33,1,0,1,0,0,26,33,-7,,
181,Indianapolis Colts,2022,10,2022-11-13 16:05:00,Raiders,W 25 - 20,1,1,0,0,1,25,20,5,,
181,New Orleans Saints,2022,4,2022-10-02 09:30:00,Vikings,L 25 - 28,1,0,1,0,0,25,28,-3,,
181,Philadelphia Eagles,2022,15,2022-12-18 13:00:00,Bears,W 25 - 20,1,1,0,0,1,25,20,5,,
181,Dallas Cowboys,2022,4,2022-10-02 13:00:00,Commanders,W 25 - 10,1,1,0,0,1,25,10,15,,
181,Los Angeles Chargers,2022,12,2022-11-27 16:05:00,Cardinals,W 25 - 24,1,1,0,0,1,25,24,1,,
181,Detroit Lions,2022,12,2022-11-24 12:30:00,Bills,L 25 - 28,1,0,1,0,0,25,28,-3,,
181,Carolina Panthers,2022,10,2022-11-10 20:15:00,Falcons,W 25 - 15,1,1,0,0,1,25,15,10,,
188,Buffalo Bills,2022,6,2022-10-16 16:25:00,Chiefs,W 24 - 20,1,1,0,0,1,24,20,4,,
188,Buffalo Bills,2022,13,2022-12-01 20:15:00,Patriots,W 24 - 10,1,1,0,0,1,24,10,14,,
188,Kansas City Chiefs,2022,13,2022-12-04 16:25:00,Bengals,L 24 - 27,1,0,1,0,0,24,27,-3,,
188,Kansas City Chiefs,2022,16,2022-12-24 13:00:00,Seahawks,W 24 - 10,1,1,0,0,1,24,10,14,,
188,Green Bay Packers,2022,15,2022-12-19 20:15:00,Rams,W 24 - 12,1,1,0,0,1,24,12,12,,
188,New Orleans Saints,2022,8,2022-10-30 13:00:00,Raiders,W 24 - 0,1,1,0,0,1,24,0,24,,
188,Cleveland Browns,2022,17,2023-01-01 13:00:00,Commanders,W 24 - 10,1,1,0,0,1,24,10,14,,
188,Baltimore Ravens,2022,1,2022-09-11 13:00:00,Jets,W 24 - 9,1,1,0,0,1,24,9,15,,
188,Los Angeles Rams,2022,6,2022-10-16 16:05:00,Panthers,W 24 - 10,1,1,0,0,1,24,10,14,,
188,Pittsburgh Steelers,2022,12,2022-11-28 20:15:00,Colts,W 24 - 17,1,1,0,0,1,24,17,7,,
188,Pittsburgh Steelers,2022,15,2022-12-18 13:00:00,Panthers,W 24 - 16,1,1,0,0,1,24,16,8,,
188,Chicago Bears,2022,11,2022-11-20 13:00:00,Falcons,L 24 - 27,1,0,1,0,0,24,27,-3,,
188,Tennessee Titans,2022,3,2022-09-25 13:00:00,Raiders,W 24 - 22,1,1,0,0,1,24,22,2,,
188,Tennessee Titans,2022,4,2022-10-02 13:00:00,Colts,W 24 - 17,1,1,0,0,1,24,17,7,,
188,Seattle Seahawks,2022,14,2022-12-11 16:25:00,Panthers,L 24 - 30,1,0,1,0,0,24,30,-6,,
188,San Francisco 49ers,2022,4,2022-10-03 20:15:00,Rams,W 24 - 9,1,1,0,0,1,24,9,15,,
188,Arizona Cardinals,2022,12,2022-11-27 16:05:00,Chargers,L 24 - 25,1,0,1,0,0,24,25,-1,,
188,Jacksonville Jaguars,2022,2,2022-09-18 13:00:00,Colts,W 24 - 0,1,1,0,0,1,24,0,24,,
188,Houston Texans,2022,4,2022-10-02 13:00:00,Chargers,L 24 - 34,1,0,1,0,0,24,34,-10,,
188,Houston Texans,2022,15,2022-12-18 13:00:00,Chiefs,L 24 - 30,1,0,1,0,0,24,30,-6,,
188,Denver Broncos,2022,15,2022-12-18 16:05:00,Cardinals,W 24 - 15,1,1,0,0,1,24,15,9,,
188,Denver Broncos,2022,17,2023-01-01 13:00:00,Chiefs,L 24 - 27,1,0,1,0,0,24,27,-3,,
188,Philadelphia Eagles,2022,2,2022-09-19 20:30:00,Vikings,W 24 - 7,1,1,0,0,1,24,7,17,,
188,Philadelphia Eagles,2022,3,2022-09-25 13:00:00,Commanders,W 24 - 8,1,1,0,0,1,24,8,16,,
188,Dallas Cowboys,2022,7,2022-10-23 13:00:00,Lions,W 24 - 6,1,1,0,0,1,24,6,18,,
188,New York Giants,2022,6,2022-10-16 13:00:00,Ravens,W 24 - 20,1,1,0,0,1,24,20,4,,
188,New York Giants,2022,10,2022-11-13 13:00:00,Texans,W 24 - 16,1,1,0,0,1,24,16,8,,
188,New York Giants,2022,16,2022-12-24 13:00:00,Vikings,L 24 - 27,1,0,1,0,0,24,27,-3,,
188,New England Patriots,2022,4,2022-10-02 16:25:00,Packers,L 24 - 27,1,0,1,0,0,24,27,-3,,
188,New England Patriots,2022,15,2022-12-18 16:05:00,Raiders,L 24 - 30,1,0,1,0,0,24,30,-6,,
188,New York Jets,2022,4,2022-10-02 13:00:00,Steelers,W 24 - 20,1,1,0,0,1,24,20,4,,
188,Los Angeles Chargers,2022,1,2022-09-11 16:25:00,Raiders,W 24 - 19,1,1,0,0,1,24,19,5,,
188,Los Angeles Chargers,2022,2,2022-09-15 20:15:00,Chiefs,L 24 - 27,1,0,1,0,0,24,27,-3,,
188,Detroit Lions,2022,3,2022-09-25 13:00:00,Vikings,L 24 - 28,1,0,1,0,0,24,28,-4,,
188,Minnesota Vikings,2022,6,2022-10-16 13:00:00,Dolphins,W 24 - 16,1,1,0,0,1,24,16,8,,
188,Carolina Panthers,2022,1,2022-09-11 13:00:00,Browns,L 24 - 26,1,0,1,0,0,24,26,-2,,
188,Carolina Panthers,2022,17,2023-01-01 13:00:00,Buccaneers,L 24 - 30,1,0,1,0,0,24,30,-6,,
225,Buffalo Bills,2022,4,2022-10-02 13:00:00,Ravens,W 23 - 20,1,1,0,0,1,23,20,3,,
225,Tampa Bay Buccaneers,2022,15,2022-12-18 16:25:00,Bengals,L 23 - 34,1,0,1,0,0,23,34,-11,,
225,Cleveland Browns,2022,11,2022-11-20 13:00:00,Bills,L 23 - 31,1,0,1,0,0,23,31,-8,,
225,Cleveland Browns,2022,12,2022-11-27 13:00:00,Buccaneers,W 23 - 17,1,1,0,0,1,23,17,6,,
225,Baltimore Ravens,2022,7,2022-10-23 13:00:00,Browns,W 23 - 20,1,1,0,0,1,23,20,3,,
225,Los Angeles Rams,2022,13,2022-12-04 16:05:00,Seahawks,L 23 - 27,1,0,1,0,0,23,27,-4,,
225,Pittsburgh Steelers,2022,1,2022-09-11 13:00:00,Bengals,W 23 - 20,1,1,0,0,1,23,20,3,,
225,Chicago Bears,2022,3,2022-09-25 13:00:00,Texans,W 23 - 20,1,1,0,0,1,23,20,3,,
225,Washington Commanders,2022,7,2022-10-23 13:00:00,Packers,W 23 - 21,1,1,0,0,1,23,21,2,,
225,Washington Commanders,2022,11,2022-11-20 13:00:00,Texans,W 23 - 10,1,1,0,0,1,23,10,13,,
225,Seattle Seahawks,2022,3,2022-09-25 16:25:00,Falcons,L 23 - 27,1,0,1,0,0,23,27,-4,,
225,Seattle Seahawks,2022,17,2023-01-01 16:05:00,Jets,W 23 - 6,1,1,0,0,1,23,6,17,,
225,San Francisco 49ers,2022,7,2022-10-23 16:25:00,Chiefs,L 23 - 44,1,0,1,0,0,23,44,-21,,
225,Houston Texans,2022,14,2022-12-11 13:00:00,Cowboys,L 23 - 27,1,0,1,0,0,23,27,-4,,
225,Denver Broncos,2022,4,2022-10-02 16:25:00,Raiders,L 23 - 32,1,0,1,0,0,23,32,-9,,
225,Las Vegas Raiders,2022,2,2022-09-18 16:25:00,Cardinals,L 23 - 29,1,0,1,0,0,23,29,-6,,
225,Atlanta Falcons,2022,4,2022-10-02 13:00:00,Browns,W 23 - 20,1,1,0,0,1,23,20,3,,
225,Dallas Cowboys,2022,3,2022-09-26 20:15:00,Giants,W 23 - 16,1,1,0,0,1,23,16,7,,
225,New York Giants,2022,7,2022-10-23 13:00:00,Jaguars,W 23 - 17,1,1,0,0,1,23,17,6,,
225,New England Patriots,2022,17,2023-01-01 13:00:00,Dolphins,W 23 - 21,1,1,0,0,1,23,21,2,,
225,New England Patriots,2022,18,2023-01-08 13:00:00,Bills,L 23 - 35,1,0,1,0,0,23,35,-12,,
225,Los Angeles Chargers,2022,7,2022-10-23 16:25:00,Seahawks,L 23 - 37,1,0,1,0,0,23,37,-14,,
225,Los Angeles Chargers,2022,14,2022-12-11 20:20:00,Dolphins,W 23 - 17,1,1,0,0,1,23,17,6,,
225,Detroit Lions,2022,16,2022-12-24 13:00:00,Panthers,L 23 - 37,1,0,1,0,0,23,37,-14,,
225,Minnesota Vikings,2022,1,2022-09-11 16:25:00,Packers,W 23 - 7,1,1,0,0,1,23,7,16,,
225,Minnesota Vikings,2022,14,2022-12-11 13:00:00,Lions,L 23 - 34,1,0,1,0,0,23,34,-11,,
225,Cincinnati Bengals,2022,14,2022-12-11 13:00:00,Browns,W 23 - 10,1,1,0,0,1,23,10,13,,
225,Carolina Panthers,2022,12,2022-11-27 13:00:00,Broncos,W 23 - 10,1,1,0,0,1,23,10,13,,
253,Tampa Bay Buccaneers,2022,8,2022-10-27 20:15:00,Ravens,L 22 - 27,1,0,1,0,0,22,27,-5,,
253,Green Bay Packers,2022,5,2022-10-09 09:30:00,Giants,L 22 - 27,1,0,1,0,0,22,27,-5,,
253,Chicago Bears,2022,5,2022-10-09 13:00:00,Vikings,L 22 - 29,1,0,1,0,0,22,29,-7,,
253,Tennessee Titans,2022,14,2022-12-11 13:00:00,Jaguars,L 22 - 36,1,0,1,0,0,22,36,-14,,
253,San Francisco 49ers,2022,10,2022-11-13 20:20:00,Chargers,W 22 - 16,1,1,0,0,1,22,16,6,,
253,Jacksonville Jaguars,2022,1,2022-09-11 13:00:00,Commanders,L 22 - 28,1,0,1,0,0,22,28,-6,,
253,Las Vegas Raiders,2022,3,2022-09-25 13:00:00,Titans,L 22 - 24,1,0,1,0,0,22,24,-2,,
253,Las Vegas Raiders,2022,11,2022-11-20 16:05:00,Broncos,W 22 - 16,1,1,0,0,1,22,16,6,,
253,Philadelphia Eagles,2022,18,2023-01-08 16:25:00,Giants,W 22 - 16,1,1,0,0,1,22,16,6,,
253,Dallas Cowboys,2022,5,2022-10-09 16:25:00,Rams,W 22 - 10,1,1,0,0,1,22,10,12,,
253,New York Giants,2022,14,2022-12-11 13:00:00,Eagles,L 22 - 48,1,0,1,0,0,22,48,-26,,
253,New England Patriots,2022,8,2022-10-30 13:00:00,Jets,W 22 - 17,1,1,0,0,1,22,17,5,,
253,New York Jets,2022,13,2022-12-04 13:00:00,Vikings,L 22 - 27,1,0,1,0,0,22,27,-5,,
253,Cincinnati Bengals,2022,16,2022-12-24 13:00:00,Patriots,W 22 - 18,1,1,0,0,1,22,18,4,,
253,Carolina Panthers,2022,3,2022-09-25 13:00:00,Saints,W 22 - 14,1,1,0,0,1,22,14,8,,
268,Tampa Bay Buccaneers,2022,5,2022-10-09 13:00:00,Falcons,W 21 - 15,1,1,0,0,1,21,15,6,,
268,Tampa Bay Buccaneers,2022,10,2022-11-13 09:30:00,Seahawks,W 21 - 16,1,1,0,0,1,21,16,5,,
268,Green Bay Packers,2022,7,2022-10-23 13:00:00,Commanders,L 21 - 23,1,0,1,0,0,21,23,-2,,
268,New Orleans Saints,2022,15,2022-12-18 13:00:00,Falcons,W 21 - 18,1,1,0,0,1,21,18,3,,
268,Tennessee Titans,2022,5,2022-10-09 13:00:00,Commanders,W 21 - 17,1,1,0,0,1,21,17,4,,
268,San Francisco 49ers,2022,15,2022-12-15 20:15:00,Seahawks,W 21 - 13,1,1,0,0,1,21,13,8,,
268,Arizona Cardinals,2022,1,2022-09-11 16:25:00,Chiefs,L 21 - 44,1,0,1,0,0,21,44,-23,,
268,Arizona Cardinals,2022,9,2022-11-06 16:05:00,Seahawks,L 21 - 31,1,0,1,0,0,21,31,-10,,
268,Jacksonville Jaguars,2022,4,2022-10-02 13:00:00,Eagles,L 21 - 29,1,0,1,0,0,21,29,-8,,
268,Denver Broncos,2022,8,2022-10-30 09:30:00,Jaguars,W 21 - 17,1,1,0,0,1,21,17,4,,
268,Philadelphia Eagles,2022,10,2022-11-14 20:15:00,Commanders,L 21 - 32,1,0,1,0,0,21,32,-11,,
268,New York Giants,2022,1,2022-09-11 16:25:00,Titans,W 21 - 20,1,1,0,0,1,21,20,1,,
268,Carolina Panthers,2022,7,2022-10-23 13:00:00,Buccaneers,W 21 - 3,1,1,0,0,1,21,3,18,,
268,Carolina Panthers,2022,9,2022-11-06 13:00:00,Bengals,L 21 - 42,1,0,1,0,0,21,42,-21,,
268,Miami Dolphins,2022,3,2022-09-25 13:00:00,Bills,W 21 - 19,1,1,0,0,1,21,19,2,,
268,Miami Dolphins,2022,17,2023-01-01 13:00:00,Patriots,L 21 - 23,1,0,1,0,0,21,23,-2,,
284,Buffalo Bills,2022,14,2022-12-11 13:00:00,Jets,W 20 - 12,1,1,0,0,1,20,12,8,,
284,Indianapolis Colts,2022,1,2022-09-11 13:00:00,Texans,T 20 - 20,1,0,0,1,0.5,20,20,0,,
284,Indianapolis Colts,2022,3,2022-09-25 13:00:00,Chiefs,W 20 - 17,1,1,0,0,1,20,17,3,,
284,Kansas City Chiefs,2022,6,2022-10-16 16:25:00,Bills,L 20 - 24,1,0,1,0,0,20,24,-4,,
284,Kansas City Chiefs,2022,9,2022-11-06 20:20:00,Titans,W 20 - 17,1,1,0,0,1,20,17,3,,
284,Tampa Bay Buccaneers,2022,2,2022-09-18 13:00:00,Saints,W 20 - 10,1,1,0,0,1,20,10,10,,
284,New Orleans Saints,2022,17,2023-01-01 13:00:00,Eagles,W 20 - 10,1,1,0,0,1,20,10,10,,
284,Cleveland Browns,2022,4,2022-10-02 13:00:00,Falcons,L 20 - 23,1,0,1,0,0,20,23,-3,,
284,Cleveland Browns,2022,7,2022-10-23 13:00:00,Ravens,L 20 - 23,1,0,1,0,0,20,23,-3,,
284,Baltimore Ravens,2022,4,2022-10-02 13:00:00,Bills,L 20 - 23,1,0,1,0,0,20,23,-3,,
284,Baltimore Ravens,2022,6,2022-10-16 13:00:00,Giants,L 20 - 24,1,0,1,0,0,20,24,-4,,
284,Los Angeles Rams,2022,3,2022-09-25 16:25:00,Cardinals,W 20 - 12,1,1,0,0,1,20,12,8,,
284,Los Angeles Rams,2022,11,2022-11-20 13:00:00,Saints,L 20 - 27,1,0,1,0,0,20,27,-7,,
284,Pittsburgh Steelers,2022,4,2022-10-02 13:00:00,Jets,L 20 - 24,1,0,1,0,0,20,24,-4,,
284,Pittsburgh Steelers,2022,6,2022-10-16 13:00:00,Buccaneers,W 20 - 18,1,1,0,0,1,20,18,2,,
284,Pittsburgh Steelers,2022,10,2022-11-13 13:00:00,Saints,W 20 - 10,1,1,0,0,1,20,10,10,,
284,Chicago Bears,2022,15,2022-12-18 13:00:00,Eagles,L 20 - 25,1,0,1,0,0,20,25,-5,,
284,Tennessee Titans,2022,1,2022-09-11 16:25:00,Giants,L 20 - 21,1,0,1,0,0,20,21,-1,,
284,Washington Commanders,2022,13,2022-12-04 13:00:00,Giants,T 20 - 20,1,0,0,1,0.5,20,20,0,,
284,Washington Commanders,2022,16,2022-12-24 16:05:00,49ers,L 20 - 37,1,0,1,0,0,20,37,-17,,
284,Jacksonville Jaguars,2022,18,2023-01-07 20:15:00,Titans,W 20 - 16,1,1,0,0,1,20,16,4,,
284,Houston Texans,2022,1,2022-09-11 13:00:00,Colts,T 20 - 20,1,0,0,1,0.5,20,20,0,,
284,Houston Texans,2022,3,2022-09-25 13:00:00,Bears,L 20 - 23,1,0,1,0,0,20,23,-3,,
284,Houston Texans,2022,7,2022-10-23 16:05:00,Raiders,L 20 - 38,1,0,1,0,0,20,38,-18,,
284,Las Vegas Raiders,2022,9,2022-11-06 13:00:00,Jaguars,L 20 - 27,1,0,1,0,0,20,27,-7,,
284,Las Vegas Raiders,2022,10,2022-11-13 16:05:00,Colts,L 20 - 25,1,0,1,0,0,20,25,-5,,
284,Atlanta Falcons,2022,17,2023-01-01 13:00:00,Cardinals,W 20 - 19,1,1,0,0,1,20,19,1,,
284,Philadelphia Eagles,2022,5,2022-10-09 16:25:00,Cardinals,W 20 - 17,1,1,0,0,1,20,17,3,,
284,Dallas Cowboys,2022,2,2022-09-18 16:25:00,Bengals,W 20 - 17,1,1,0,0,1,20,17,3,,
284,New York Giants,2022,4,2022-10-02 13:00:00,Bears,W 20 - 12,1,1,0,0,1,20,12,8,,
284,New York Giants,2022,12,2022-11-24 16:30:00,Cowboys,L 20 - 28,1,0,1,0,0,20,28,-8,,
284,New York Giants,2022,13,2022-12-04 13:00:00,Commanders,T 20 - 20,1,0,0,1,0.5,20,20,0,,
284,New York Giants,2022,15,2022-12-18 20:20:00,Commanders,W 20 - 12,1,1,0,0,1,20,12,8,,
284,New York Jets,2022,9,2022-11-06 13:00:00,Bills,W 20 - 17,1,1,0,0,1,20,17,3,,
284,Los Angeles Chargers,2022,9,2022-11-06 13:00:00,Falcons,W 20 - 17,1,1,0,0,1,20,17,3,,
284,Los Angeles Chargers,2022,13,2022-12-04 16:25:00,Raiders,L 20 - 27,1,0,1,0,0,20,27,-7,,
284,Los Angeles Chargers,2022,16,2022-12-26 20:15:00,Colts,W 20 - 3,1,1,0,0,1,20,3,17,,
284,Detroit Lions,2022,15,2022-12-18 13:00:00,Jets,W 20 - 17,1,1,0,0,1,20,17,3,,
284,Detroit Lions,2022,18,2023-01-08 20:20:00,Packers,W 20 - 16,1,1,0,0,1,20,16,4,,
284,Minnesota Vikings,2022,9,2022-11-06 13:00:00,Commanders,W 20 - 17,1,1,0,0,1,20,17,3,,
284,Cincinnati Bengals,2022,1,2022-09-11 13:00:00,Steelers,L 20 - 23,1,0,1,0,0,20,23,-3,,
284,Cincinnati Bengals,2022,12,2022-11-27 13:00:00,Titans,W 20 - 16,1,1,0,0,1,20,16,4,,
284,Miami Dolphins,2022,1,2022-09-11 13:00:00,Patriots,W 20 - 7,1,1,0,0,1,20,7,13,,
284,Miami Dolphins,2022,16,2022-12-25 13:00:00,Packers,L 20 - 26,1,0,1,0,0,20,26,-6,,
328,Buffalo Bills,2022,3,2022-09-25 13:00:00,Dolphins,L 19 - 21,1,0,1,0,0,19,21,-2,,
328,Indianapolis Colts,2022,13,2022-12-04 20:20:00,Cowboys,L 19 - 54,1,0,1,0,0,19,54,-35,,
328,Tampa Bay Buccaneers,2022,1,2022-09-11 20:20:00,Cowboys,W 19 - 3,1,1,0,0,1,19,3,16,,
328,Tampa Bay Buccaneers,2022,16,2022-12-25 20:20:00,Cardinals,W 19 - 16,1,1,0,0,1,19,16,3,,
328,Baltimore Ravens,2022,5,2022-10-09 20:20:00,Bengals,W 19 - 17,1,1,0,0,1,19,17,2,,
328,Pittsburgh Steelers,2022,13,2022-12-04 13:00:00,Falcons,W 19 - 16,1,1,0,0,1,19,16,3,,
328,Chicago Bears,2022,1,2022-09-11 13:00:00,49ers,W 19 - 10,1,1,0,0,1,19,10,9,,
328,Chicago Bears,2022,13,2022-12-04 13:00:00,Packers,L 19 - 28,1,0,1,0,0,19,28,-9,,
328,Tennessee Titans,2022,7,2022-10-23 13:00:00,Colts,W 19 - 10,1,1,0,0,1,19,10,9,,
328,Washington Commanders,2022,12,2022-11-27 13:00:00,Falcons,W 19 - 13,1,1,0,0,1,19,13,6,,
328,Seattle Seahawks,2022,6,2022-10-16 16:05:00,Cardinals,W 19 - 9,1,1,0,0,1,19,9,10,,
328,Seattle Seahawks,2022,18,2023-01-08 16:25:00,Rams,W 19 - 16,1,1,0,0,1,19,16,3,,
328,Arizona Cardinals,2022,17,2023-01-01 13:00:00,Falcons,L 19 - 20,1,0,1,0,0,19,20,-1,,
328,Jacksonville Jaguars,2022,16,2022-12-22 20:15:00,Jets,W 19 - 3,1,1,0,0,1,19,3,16,,
328,Houston Texans,2022,16,2022-12-24 13:00:00,Titans,W 19 - 14,1,1,0,0,1,19,14,5,,
328,Las Vegas Raiders,2022,1,2022-09-11 16:25:00,Chargers,L 19 - 24,1,0,1,0,0,19,24,-5,,
328,New York Giants,2022,2,2022-09-18 13:00:00,Panthers,W 19 - 16,1,1,0,0,1,19,16,3,,
328,Los Angeles Chargers,2022,6,2022-10-17 20:15:00,Broncos,W 19 - 16,1,1,0,0,1,19,16,3,,
346,Tampa Bay Buccaneers,2022,6,2022-10-16 13:00:00,Steelers,L 18 - 20,1,0,1,0,0,18,20,-2,,
346,Atlanta Falcons,2022,15,2022-12-18 13:00:00,Saints,L 18 - 21,1,0,1,0,0,18,21,-3,,
346,New York Giants,2022,11,2022-11-20 13:00:00,Lions,L 18 - 31,1,0,1,0,0,18,31,-13,,
346,New England Patriots,2022,16,2022-12-24 13:00:00,Bengals,L 18 - 22,1,0,1,0,0,18,22,-4,,
350,Buffalo Bills,2022,9,2022-11-06 13:00:00,Jets,L 17 - 20,1,0,1,0,0,17,20,-3,,
350,Indianapolis Colts,2022,4,2022-10-02 13:00:00,Titans,L 17 - 24,1,0,1,0,0,17,24,-7,,
350,Indianapolis Colts,2022,12,2022-11-28 20:15:00,Steelers,L 17 - 24,1,0,1,0,0,17,24,-7,,
350,Kansas City Chiefs,2022,3,2022-09-25 13:00:00,Colts,L 17 - 20,1,0,1,0,0,17,20,-3,,
350,Tampa Bay Buccaneers,2022,12,2022-11-27 13:00:00,Browns,L 17 - 23,1,0,1,0,0,17,23,-6,,
350,Tampa Bay Buccaneers,2022,13,2022-12-05 20:15:00,Saints,W 17 - 16,1,1,0,0,1,17,16,1,,
350,Tampa Bay Buccaneers,2022,18,2023-01-08 13:00:00,Falcons,L 17 - 30,1,0,1,0,0,17,30,-13,,
350,Green Bay Packers,2022,8,2022-10-30 20:20:00,Bills,L 17 - 27,1,0,1,0,0,17,27,-10,,
350,Green Bay Packers,2022,11,2022-11-17 20:15:00,Titans,L 17 - 27,1,0,1,0,0,17,27,-10,,
350,New Orleans Saints,2022,16,2022-12-24 13:00:00,Browns,W 17 - 10,1,1,0,0,1,17,10,7,,
350,Cleveland Browns,2022,10,2022-11-13 13:00:00,Dolphins,L 17 - 39,1,0,1,0,0,17,39,-22,,
350,Baltimore Ravens,2022,16,2022-12-24 13:00:00,Falcons,W 17 - 9,1,1,0,0,1,17,9,8,,
350,Los Angeles Rams,2022,10,2022-11-13 16:25:00,Cardinals,L 17 - 27,1,0,1,0,0,17,27,-10,,
350,Los Angeles Rams,2022,14,2022-12-08 20:15:00,Raiders,W 17 - 16,1,1,0,0,1,17,16,1,,
350,Pittsburgh Steelers,2022,3,2022-09-22 20:15:00,Browns,L 17 - 29,1,0,1,0,0,17,29,-12,,
350,Tennessee Titans,2022,8,2022-10-30 16:05:00,Texans,W 17 - 10,1,1,0,0,1,17,10,7,,
350,Tennessee Titans,2022,9,2022-11-06 20:20:00,Chiefs,L 17 - 20,1,0,1,0,0,17,20,-3,,
350,Tennessee Titans,2022,10,2022-11-13 13:00:00,Broncos,W 17 - 10,1,1,0,0,1,17,10,7,,
350,Washington Commanders,2022,5,2022-10-09 13:00:00,Titans,L 17 - 21,1,0,1,0,0,17,21,-4,,
350,Washington Commanders,2022,8,2022-10-30 16:25:00,Colts,W 17 - 16,1,1,0,0,1,17,16,1,,
350,Washington Commanders,2022,9,2022-11-06 13:00:00,Vikings,L 17 - 20,1,0,1,0,0,17,20,-3,,
350,Seattle Seahawks,2022,1,2022-09-12 20:15:00,Broncos,W 17 - 16,1,1,0,0,1,17,16,1,,
350,Arizona Cardinals,2022,5,2022-10-09 16:25:00,Eagles,L 17 - 20,1,0,1,0,0,17,20,-3,,
350,Jacksonville Jaguars,2022,7,2022-10-23 13:00:00,Giants,L 17 - 23,1,0,1,0,0,17,23,-6,,
350,Jacksonville Jaguars,2022,8,2022-10-30 09:30:00,Broncos,L 17 - 21,1,0,1,0,0,17,21,-4,,
350,Jacksonville Jaguars,2022,10,2022-11-13 13:00:00,Chiefs,L 17 - 27,1,0,1,0,0,17,27,-10,,
350,Houston Texans,2022,9,2022-11-03 20:15:00,Eagles,L 17 - 29,1,0,1,0,0,17,29,-12,,
350,Atlanta Falcons,2022,7,2022-10-23 13:00:00,Bengals,L 17 - 35,1,0,1,0,0,17,35,-18,,
350,Atlanta Falcons,2022,9,2022-11-06 13:00:00,Chargers,L 17 - 20,1,0,1,0,0,17,20,-3,,
350,Philadelphia Eagles,2022,11,2022-11-20 13:00:00,Colts,W 17 - 16,1,1,0,0,1,17,16,1,,
350,Dallas Cowboys,2022,6,2022-10-16 20:20:00,Eagles,L 17 - 26,1,0,1,0,0,17,26,-9,,
350,New England Patriots,2022,2,2022-09-18 13:00:00,Steelers,W 17 - 14,1,1,0,0,1,17,14,3,,
350,New York Jets,2022,8,2022-10-30 13:00:00,Patriots,L 17 - 22,1,0,1,0,0,17,22,-5,,
350,New York Jets,2022,15,2022-12-18 13:00:00,Lions,L 17 - 20,1,0,1,0,0,17,20,-3,,
350,Los Angeles Chargers,2022,15,2022-12-18 16:25:00,Titans,W 17 - 14,1,1,0,0,1,17,14,3,,
350,Minnesota Vikings,2022,17,2023-01-01 16:25:00,Packers,L 17 - 41,1,0,1,0,0,17,41,-24,,
350,Cincinnati Bengals,2022,2,2022-09-18 16:25:00,Cowboys,L 17 - 20,1,0,1,0,0,17,20,-3,,
350,Cincinnati Bengals,2022,5,2022-10-09 20:20:00,Ravens,L 17 - 19,1,0,1,0,0,17,19,-2,,
350,Miami Dolphins,2022,5,2022-10-09 13:00:00,Jets,L 17 - 40,1,0,1,0,0,17,40,-23,,
350,Miami Dolphins,2022,13,2022-12-04 16:05:00,49ers,L 17 - 33,1,0,1,0,0,17,33,-16,,
350,Miami Dolphins,2022,14,2022-12-11 20:20:00,Chargers,L 17 - 23,1,0,1,0,0,17,23,-6,,
391,Indianapolis Colts,2022,8,2022-10-30 16:25:00,Commanders,L 16 - 17,1,0,1,0,0,16,17,-1,,
391,Indianapolis Colts,2022,11,2022-11-20 13:00:00,Eagles,L 16 - 17,1,0,1,0,0,16,17,-1,,
391,Tampa Bay Buccaneers,2022,9,2022-11-06 16:25:00,Rams,W 16 - 13,1,1,0,0,1,16,13,3,,
391,Green Bay Packers,2022,18,2023-01-08 20:20:00,Lions,L 16 - 20,1,0,1,0,0,16,20,-4,,
391,New Orleans Saints,2022,13,2022-12-05 20:15:00,Buccaneers,L 16 - 17,1,0,1,0,0,16,17,-1,,
391,Baltimore Ravens,2022,14,2022-12-11 13:00:00,Steelers,W 16 - 14,1,1,0,0,1,16,14,2,,
391,Baltimore Ravens,2022,18,2023-01-08 13:00:00,Bengals,L 16 - 27,1,0,1,0,0,16,27,-11,,
391,Los Angeles Rams,2022,18,2023-01-08 16:25:00,Seahawks,L 16 - 19,1,0,1,0,0,16,19,-3,,
391,Pittsburgh Steelers,2022,17,2023-01-01 20:20:00,Ravens,W 16 - 13,1,1,0,0,1,16,13,3,,
391,Tennessee Titans,2022,12,2022-11-27 13:00:00,Bengals,L 16 - 20,1,0,1,0,0,16,20,-4,,
391,Tennessee Titans,2022,18,2023-01-07 20:15:00,Jaguars,L 16 - 20,1,0,1,0,0,16,20,-4,,
391,Seattle Seahawks,2022,10,2022-11-13 09:30:00,Buccaneers,L 16 - 21,1,0,1,0,0,16,21,-5,,
391,Arizona Cardinals,2022,16,2022-12-25 20:20:00,Buccaneers,L 16 - 19,1,0,1,0,0,16,19,-3,,
391,Houston Texans,2022,10,2022-11-13 13:00:00,Giants,L 16 - 24,1,0,1,0,0,16,24,-8,,
391,Denver Broncos,2022,1,2022-09-12 20:15:00,Seahawks,L 16 - 17,1,0,1,0,0,16,17,-1,,
391,Denver Broncos,2022,2,2022-09-18 16:25:00,Texans,W 16 - 9,1,1,0,0,1,16,9,7,,
391,Denver Broncos,2022,6,2022-10-17 20:15:00,Chargers,L 16 - 19,1,0,1,0,0,16,19,-3,,
391,Denver Broncos,2022,11,2022-11-20 16:05:00,Raiders,L 16 - 22,1,0,1,0,0,16,22,-6,,
391,Las Vegas Raiders,2022,14,2022-12-08 20:15:00,Rams,L 16 - 17,1,0,1,0,0,16,17,-1,,
391,Atlanta Falcons,2022,13,2022-12-04 13:00:00,Steelers,L 16 - 19,1,0,1,0,0,16,19,-3,,
391,New York Giants,2022,3,2022-09-26 20:15:00,Cowboys,L 16 - 23,1,0,1,0,0,16,23,-7,,
391,New York Giants,2022,18,2023-01-08 16:25:00,Eagles,L 16 - 22,1,0,1,0,0,16,22,-6,,
391,New York Jets,2022,7,2022-10-23 16:05:00,Broncos,W 16 - 9,1,1,0,0,1,16,9,7,,
391,Los Angeles Chargers,2022,10,2022-11-13 20:20:00,49ers,L 16 - 22,1,0,1,0,0,16,22,-6,,
391,Carolina Panthers,2022,2,2022-09-18 13:00:00,Giants,L 16 - 19,1,0,1,0,0,16,19,-3,,
391,Carolina Panthers,2022,4,2022-10-02 16:05:00,Cardinals,L 16 - 26,1,0,1,0,0,16,26,-10,,
391,Carolina Panthers,2022,15,2022-12-18 13:00:00,Steelers,L 16 - 24,1,0,1,0,0,16,24,-8,,
391,Miami Dolphins,2022,6,2022-10-16 13:00:00,Vikings,L 16 - 24,1,0,1,0,0,16,24,-8,,
391,Miami Dolphins,2022,7,2022-10-23 20:20:00,Steelers,W 16 - 10,1,1,0,0,1,16,10,6,,
420,Cleveland Browns,2022,6,2022-10-16 13:00:00,Patriots,L 15 - 38,1,0,1,0,0,15,38,-23,,
420,Arizona Cardinals,2022,15,2022-12-18 16:05:00,Broncos,L 15 - 24,1,0,1,0,0,15,24,-9,,
420,Houston Texans,2022,12,2022-11-27 13:00:00,Dolphins,L 15 - 30,1,0,1,0,0,15,30,-15,,
420,Atlanta Falcons,2022,5,2022-10-09 13:00:00,Buccaneers,L 15 - 21,1,0,1,0,0,15,21,-6,,
420,Atlanta Falcons,2022,10,2022-11-10 20:15:00,Panthers,L 15 - 25,1,0,1,0,0,15,25,-10,,
420,Detroit Lions,2022,9,2022-11-06 13:00:00,Packers,W 15 - 9,1,1,0,0,1,15,9,6,,
420,Carolina Panthers,2022,5,2022-10-09 16:05:00,49ers,L 15 - 37,1,0,1,0,0,15,37,-22,,
420,Miami Dolphins,2022,4,2022-09-29 20:15:00,Bengals,L 15 - 27,1,0,1,0,0,15,27,-12,,
428,Green Bay Packers,2022,3,2022-09-25 16:25:00,Buccaneers,W 14 - 12,1,1,0,0,1,14,12,2,,
428,New Orleans Saints,2022,3,2022-09-25 13:00:00,Panthers,L 14 - 22,1,0,1,0,0,14,22,-8,,
428,Cleveland Browns,2022,18,2023-01-08 13:00:00,Steelers,L 14 - 28,1,0,1,0,0,14,28,-14,,
428,Los Angeles Rams,2022,8,2022-10-30 16:25:00,49ers,L 14 - 31,1,0,1,0,0,14,31,-17,,
428,Pittsburgh Steelers,2022,2,2022-09-18 13:00:00,Patriots,L 14 - 17,1,0,1,0,0,14,17,-3,,
428,Pittsburgh Steelers,2022,14,2022-12-11 13:00:00,Ravens,L 14 - 16,1,0,1,0,0,14,16,-2,,
428,Tennessee Titans,2022,15,2022-12-18 16:25:00,Chargers,L 14 - 17,1,0,1,0,0,14,17,-3,,
428,Tennessee Titans,2022,16,2022-12-24 13:00:00,Texans,L 14 - 19,1,0,1,0,0,14,19,-5,,
428,San Francisco 49ers,2022,6,2022-10-16 13:00:00,Falcons,L 14 - 28,1,0,1,0,0,14,28,-14,,
428,Jacksonville Jaguars,2022,13,2022-12-04 13:00:00,Lions,L 14 - 40,1,0,1,0,0,14,40,-26,,
428,Houston Texans,2022,13,2022-12-04 13:00:00,Browns,L 14 - 27,1,0,1,0,0,14,27,-13,,
428,Denver Broncos,2022,16,2022-12-25 16:30:00,Rams,L 14 - 51,1,0,1,0,0,14,51,-37,,
428,New England Patriots,2022,7,2022-10-24 20:15:00,Bears,L 14 - 33,1,0,1,0,0,14,33,-19,,
441,New Orleans Saints,2022,9,2022-11-07 20:15:00,Ravens,L 13 - 27,1,0,1,0,0,13,27,-14,,
441,Cleveland Browns,2022,15,2022-12-17 16:30:00,Ravens,W 13 - 3,1,1,0,0,1,13,3,10,,
441,Baltimore Ravens,2022,11,2022-11-20 13:00:00,Panthers,W 13 - 3,1,1,0,0,1,13,3,10,,
441,Baltimore Ravens,2022,17,2023-01-01 20:20:00,Steelers,L 13 - 16,1,0,1,0,0,13,16,-3,,
441,Los Angeles Rams,2022,9,2022-11-06 16:25:00,Buccaneers,L 13 - 16,1,0,1,0,0,13,16,-3,,
441,Pittsburgh Steelers,2022,8,2022-10-30 13:00:00,Eagles,L 13 - 35,1,0,1,0,0,13,35,-22,,
441,Pittsburgh Steelers,2022,16,2022-12-24 20:15:00,Raiders,W 13 - 10,1,1,0,0,1,13,10,3,,
441,Chicago Bears,2022,16,2022-12-24 13:00:00,Bills,L 13 - 35,1,0,1,0,0,13,35,-22,,
441,Chicago Bears,2022,18,2023-01-08 13:00:00,Vikings,L 13 - 29,1,0,1,0,0,13,29,-16,,
441,Tennessee Titans,2022,17,2022-12-29 20:15:00,Cowboys,L 13 - 27,1,0,1,0,0,13,27,-14,,
441,Seattle Seahawks,2022,15,2022-12-15 20:15:00,49ers,L 13 - 21,1,0,1,0,0,13,21,-8,,
441,San Francisco 49ers,2022,12,2022-11-27 16:25:00,Saints,W 13 - 0,1,1,0,0,1,13,0,13,,
441,Arizona Cardinals,2022,14,2022-12-12 20:15:00,Patriots,L 13 - 27,1,0,1,0,0,13,27,-14,,
441,Arizona Cardinals,2022,18,2023-01-08 16:25:00,49ers,L 13 - 38,1,0,1,0,0,13,38,-25,,
441,Houston Texans,2022,5,2022-10-09 13:00:00,Jaguars,W 13 - 6,1,1,0,0,1,13,6,7,,
441,Las Vegas Raiders,2022,18,2023-01-07 16:30:00,Chiefs,L 13 - 31,1,0,1,0,0,13,31,-18,,
441,Atlanta Falcons,2022,12,2022-11-27 13:00:00,Commanders,L 13 - 19,1,0,1,0,0,13,19,-6,,
441,New York Giants,2022,8,2022-10-30 16:25:00,Seahawks,L 13 - 27,1,0,1,0,0,13,27,-14,,
441,Cincinnati Bengals,2022,8,2022-10-31 20:15:00,Browns,L 13 - 32,1,0,1,0,0,13,32,-19,,
460,Indianapolis Colts,2022,5,2022-10-06 20:15:00,Broncos,W 12 - 9,1,1,0,0,1,12,9,3,,
460,Tampa Bay Buccaneers,2022,3,2022-09-25 16:25:00,Packers,L 12 - 14,1,0,1,0,0,12,14,-2,,
460,Los Angeles Rams,2022,15,2022-12-19 20:15:00,Packers,L 12 - 24,1,0,1,0,0,12,24,-12,,
460,Chicago Bears,2022,4,2022-10-02 13:00:00,Giants,L 12 - 20,1,0,1,0,0,12,20,-8,,
460,Washington Commanders,2022,6,2022-10-13 20:15:00,Bears,W 12 - 7,1,1,0,0,1,12,7,5,,
460,Washington Commanders,2022,15,2022-12-18 20:20:00,Giants,L 12 - 20,1,0,1,0,0,12,20,-8,,
460,Arizona Cardinals,2022,3,2022-09-25 16:25:00,Rams,L 12 - 20,1,0,1,0,0,12,20,-8,,
460,New York Jets,2022,3,2022-09-25 13:00:00,Bengals,L 12 - 27,1,0,1,0,0,12,27,-15,,
460,New York Jets,2022,14,2022-12-11 13:00:00,Bills,L 12 - 20,1,0,1,0,0,12,20,-8,,
469,Denver Broncos,2022,3,2022-09-25 20:20:00,49ers,W 11 - 10,1,1,0,0,1,11,10,1,,
469,Miami Dolphins,2022,18,2023-01-08 13:00:00,Jets,W 11 - 6,1,1,0,0,1,11,6,5,,
471,Indianapolis Colts,2022,7,2022-10-23 13:00:00,Titans,L 10 - 19,1,0,1,0,0,10,19,-9,,
471,Indianapolis Colts,2022,17,2023-01-01 13:00:00,Giants,L 10 - 38,1,0,1,0,0,10,38,-28,,
471,Green Bay Packers,2022,6,2022-10-16 13:00:00,Jets,L 10 - 27,1,0,1,0,0,10,27,-17,,
471,New Orleans Saints,2022,2,2022-09-18 13:00:00,Buccaneers,L 10 - 20,1,0,1,0,0,10,20,-10,,
471,New Orleans Saints,2022,10,2022-11-13 13:00:00,Steelers,L 10 - 20,1,0,1,0,0,10,20,-10,,
471,Cleveland Browns,2022,14,2022-12-11 13:00:00,Bengals,L 10 - 23,1,0,1,0,0,10,23,-13,,
471,Cleveland Browns,2022,16,2022-12-24 13:00:00,Saints,L 10 - 17,1,0,1,0,0,10,17,-7,,
471,Baltimore Ravens,2022,13,2022-12-04 13:00:00,Broncos,W 10 - 9,1,1,0,0,1,10,9,1,,
471,Los Angeles Rams,2022,1,2022-09-08 20:20:00,Bills,L 10 - 31,1,0,1,0,0,10,31,-21,,
471,Los Angeles Rams,2022,5,2022-10-09 16:25:00,Cowboys,L 10 - 22,1,0,1,0,0,10,22,-12,,
471,Los Angeles Rams,2022,12,2022-11-27 16:25:00,Chiefs,L 10 - 26,1,0,1,0,0,10,26,-16,,
471,Los Angeles Rams,2022,17,2023-01-01 16:25:00,Chargers,L 10 - 31,1,0,1,0,0,10,31,-21,,
471,Pittsburgh Steelers,2022,7,2022-10-23 20:20:00,Dolphins,L 10 - 16,1,0,1,0,0,10,16,-6,,
471,Chicago Bears,2022,2,2022-09-18 20:20:00,Packers,L 10 - 27,1,0,1,0,0,10,27,-17,,
471,Chicago Bears,2022,12,2022-11-27 13:00:00,Jets,L 10 - 31,1,0,1,0,0,10,31,-21,,
471,Chicago Bears,2022,17,2023-01-01 13:00:00,Lions,L 10 - 41,1,0,1,0,0,10,41,-31,,
471,Tennessee Titans,2022,13,2022-12-04 13:00:00,Eagles,L 10 - 35,1,0,1,0,0,10,35,-25,,
471,Washington Commanders,2022,4,2022-10-02 13:00:00,Cowboys,L 10 - 25,1,0,1,0,0,10,25,-15,,
471,Washington Commanders,2022,17,2023-01-01 13:00:00,Browns,L 10 - 24,1,0,1,0,0,10,24,-14,,
471,Seattle Seahawks,2022,16,2022-12-24 13:00:00,Chiefs,L 10 - 24,1,0,1,0,0,10,24,-14,,
471,San Francisco 49ers,2022,1,2022-09-11 13:00:00,Bears,L 10 - 19,1,0,1,0,0,10,19,-9,,
471,San Francisco 49ers,2022,3,2022-09-25 20:20:00,Broncos,L 10 - 11,1,0,1,0,0,10,11,-1,,
471,Arizona Cardinals,2022,11,2022-11-21 20:15:00,49ers,L 10 - 38,1,0,1,0,0,10,38,-28,,
471,Houston Texans,2022,8,2022-10-30 16:05:00,Titans,L 10 - 17,1,0,1,0,0,10,17,-7,,
471,Houston Texans,2022,11,2022-11-20 13:00:00,Commanders,L 10 - 23,1,0,1,0,0,10,23,-13,,
471,Denver Broncos,2022,10,2022-11-13 13:00:00,Titans,L 10 - 17,1,0,1,0,0,10,17,-7,,
471,Denver Broncos,2022,12,2022-11-27 13:00:00,Panthers,L 10 - 23,1,0,1,0,0,10,23,-13,,
471,Las Vegas Raiders,2022,16,2022-12-24 20:15:00,Steelers,L 10 - 13,1,0,1,0,0,10,13,-3,,
471,Philadelphia Eagles,2022,17,2023-01-01 13:00:00,Saints,L 10 - 20,1,0,1,0,0,10,20,-10,,
471,New England Patriots,2022,11,2022-11-20 13:00:00,Jets,W 10 - 3,1,1,0,0,1,10,3,7,,
471,New England Patriots,2022,13,2022-12-01 20:15:00,Bills,L 10 - 24,1,0,1,0,0,10,24,-14,,
471,Los Angeles Chargers,2022,3,2022-09-25 16:05:00,Jaguars,L 10 - 38,1,0,1,0,0,10,38,-28,,
471,Carolina Panthers,2022,6,2022-10-16 16:05:00,Rams,L 10 - 24,1,0,1,0,0,10,24,-14,,
471,Carolina Panthers,2022,18,2023-01-08 13:00:00,Saints,W 10 - 7,1,1,0,0,1,10,7,3,,
505,Green Bay Packers,2022,9,2022-11-06 13:00:00,Lions,L 9 - 15,1,0,1,0,0,9,15,-6,,
505,Los Angeles Rams,2022,4,2022-10-03 20:15:00,49ers,L 9 - 24,1,0,1,0,0,9,24,-15,,
505,Arizona Cardinals,2022,6,2022-10-16 16:05:00,Seahawks,L 9 - 19,1,0,1,0,0,9,19,-10,,
505,Houston Texans,2022,2,2022-09-18 16:25:00,Broncos,L 9 - 16,1,0,1,0,0,9,16,-7,,
505,Denver Broncos,2022,5,2022-10-06 20:15:00,Colts,L 9 - 12,1,0,1,0,0,9,12,-3,,
505,Denver Broncos,2022,7,2022-10-23 16:05:00,Jets,L 9 - 16,1,0,1,0,0,9,16,-7,,
505,Denver Broncos,2022,13,2022-12-04 13:00:00,Ravens,L 9 - 10,1,0,1,0,0,9,10,-1,,
505,Atlanta Falcons,2022,16,2022-12-24 13:00:00,Ravens,L 9 - 17,1,0,1,0,0,9,17,-8,,
505,New York Jets,2022,1,2022-09-11 13:00:00,Ravens,L 9 - 24,1,0,1,0,0,9,24,-15,,
514,Washington Commanders,2022,3,2022-09-25 13:00:00,Eagles,L 8 - 24,1,0,1,0,0,8,24,-16,,
515,Tampa Bay Buccaneers,2022,14,2022-12-11 16:25:00,49ers,L 7 - 35,1,0,1,0,0,7,35,-28,,
515,Green Bay Packers,2022,1,2022-09-11 16:25:00,Vikings,L 7 - 23,1,0,1,0,0,7,23,-16,,
515,New Orleans Saints,2022,18,2023-01-08 13:00:00,Panthers,L 7 - 10,1,0,1,0,0,7,10,-3,,
515,Chicago Bears,2022,6,2022-10-13 20:15:00,Commanders,L 7 - 12,1,0,1,0,0,7,12,-5,,
515,Tennessee Titans,2022,2,2022-09-19 19:15:00,Bills,L 7 - 41,1,0,1,0,0,7,41,-34,,
515,Seattle Seahawks,2022,2,2022-09-18 16:05:00,49ers,L 7 - 27,1,0,1,0,0,7,27,-20,,
515,New England Patriots,2022,1,2022-09-11 13:00:00,Dolphins,L 7 - 20,1,0,1,0,0,7,20,-13,,
515,Minnesota Vikings,2022,2,2022-09-19 20:30:00,Eagles,L 7 - 24,1,0,1,0,0,7,24,-17,,
523,Jacksonville Jaguars,2022,5,2022-10-09 13:00:00,Texans,L 6 - 13,1,0,1,0,0,6,13,-7,,
523,Dallas Cowboys,2022,18,2023-01-08 16:25:00,Commanders,L 6 - 26,1,0,1,0,0,6,26,-20,,
523,New York Jets,2022,17,2023-01-01 16:05:00,Seahawks,L 6 - 23,1,0,1,0,0,6,23,-17,,
523,New York Jets,2022,18,2023-01-08 13:00:00,Dolphins,L 6 - 11,1,0,1,0,0,6,11,-5,,
523,Detroit Lions,2022,7,2022-10-23 13:00:00,Cowboys,L 6 - 24,1,0,1,0,0,6,24,-18,,
528,Indianapolis Colts,2022,9,2022-11-06 13:00:00,Patriots,L 3 - 26,1,0,1,0,0,3,26,-23,,
528,Indianapolis Colts,2022,16,2022-12-26 20:15:00,Chargers,L 3 - 20,1,0,1,0,0,3,20,-17,,
528,Tampa Bay Buccaneers,2022,7,2022-10-23 13:00:00,Panthers,L 3 - 21,1,0,1,0,0,3,21,-18,,
528,Baltimore Ravens,2022,15,2022-12-17 16:30:00,Browns,L 3 - 13,1,0,1,0,0,3,13,-10,,
528,Pittsburgh Steelers,2022,5,2022-10-09 13:00:00,Bills,L 3 - 38,1,0,1,0,0,3,38,-35,,
528,Houston Texans,2022,17,2023-01-01 13:00:00,Jaguars,L 3 - 31,1,0,1,0,0,3,31,-28,,
528,Dallas Cowboys,2022,1,2022-09-11 20:20:00,Buccaneers,L 3 - 19,1,0,1,0,0,3,19,-16,,
528,New York Jets,2022,11,2022-11-20 13:00:00,Patriots,L 3 - 10,1,0,1,0,0,3,10,-7,,
528,New York Jets,2022,16,2022-12-22 20:15:00,Jaguars,L 3 - 19,1,0,1,0,0,3,19,-16,,
528,Minnesota Vikings,2022,11,2022-11-20 16:25:00,Cowboys,L 3 - 40,1,0,1,0,0,3,40,-37,,
528,Carolina Panthers,2022,11,2022-11-20 13:00:00,Ravens,L 3 - 13,1,0,1,0,0,3,13,-10,,
539,Indianapolis Colts,2022,2,2022-09-18 13:00:00,Jaguars,L 0 - 24,1,0,1,0,0,0,24,-24,,
539,New Orleans Saints,2022,12,2022-11-27 16:25:00,49ers,L 0 - 13,1,0,1,0,0,0,13,-13,,
539,Las Vegas Raiders,2022,8,2022-10-30 13:00:00,Saints,L 0 - 24,1,0,1,0,0,0,24,-24,,
539,Detroit Lions,2022,5,2022-10-09 13:00:00,Patriots,L 0 - 29,1,0,1,0,0,0,29,-29,,
